date,date_ru,key_rate
2023-01-03,03.01.2023,7.5
2023-01-04,04.01.2023,7.5
2023-01-05,05.01.2023,7.5
2023-01-06,06.01.2023,7.5
2023-01-09,09.01.2023,7.5
2023-01-10,10.01.2023,7.5
2023-01-11,11.01.2023,7.5
2023-01-12,12.01.2023,7.5
2023-01-13,13.01.2023,7.5
2023-01-16,16.01.2023,7.5
2023-01-17,17.01.2023,7.5
2023-01-18,18.01.2023,7.5
2023-01-19,19.01.2023,7.5
2023-01-20,20.01.2023,7.5
2023-01-23,23.01.2023,7.5
2023-01-24,24.01.2023,7.5
2023-01-25,25.01.2023,7.5
2023-01-26,26.01.2023,7.5
2023-01-27,27.01.2023,7.5
2023-01-30,30.01.2023,7.5
2023-01-31,31.01.2023,7.5
2023-02-01,01.02.2023,7.5
2023-02-02,02.02.2023,7.5
2023-02-03,03.02.2023,7.5
2023-02-06,06.02.2023,7.5
2023-02-07,07.02.2023,7.5
2023-02-08,08.02.2023,7.5
2023-02-09,09.02.2023,7.5
2023-02-10,10.02.2023,7.5
2023-02-13,13.02.2023,7.5
2023-02-14,14.02.2023,7.5
2023-02-15,15.02.2023,7.5
2023-02-16,16.02.2023,7.5
2023-02-17,17.02.2023,7.5
2023-02-20,20.02.2023,7.5
2023-02-21,21.02.2023,7.5
2023-02-22,22.02.2023,7.5
2023-02-24,24.02.2023,7.5
2023-02-27,27.02.2023,7.5
2023-02-28,28.02.2023,7.5
2023-03-01,01.03.2023,7.5
2023-03-02,02.03.2023,7.5
2023-03-03,03.03.2023,7.5
2023-03-06,06.03.2023,7.5
2023-03-07,07.03.2023,7.5
2023-03-09,09.03.2023,7.5
2023-03-10,10.03.2023,7.5
2023-03-13,13.03.2023,7.5
2023-03-14,14.03.2023,7.5
2023-03-15,15.03.2023,7.5
2023-03-16,16.03.2023,7.5
2023-03-17,17.03.2023,7.5
2023-03-20,20.03.2023,7.5
2023-03-21,21.03.2023,7.5
2023-03-22,22.03.2023,7.5
2023-03-23,23.03.2023,7.5
2023-03-24,24.03.2023,7.5
2023-03-27,27.03.2023,7.5
2023-03-28,28.03.2023,7.5
2023-03-29,29.03.2023,7.5
2023-03-30,30.03.2023,7.5
2023-03-31,31.03.2023,7.5
2023-04-03,03.04.2023,7.5
2023-04-04,04.04.2023,7.5
2023-04-05,05.04.2023,7.5
2023-04-06,06.04.2023,7.5
2023-04-07,07.04.2023,7.5
2023-04-10,10.04.2023,7.5
2023-04-11,11.04.2023,7.5
2023-04-12,12.04.2023,7.5
2023-04-13,13.04.2023,7.5
2023-04-14,14.04.2023,7.5
2023-04-17,17.04.2023,7.5
2023-04-18,18.04.2023,7.5
2023-04-19,19.04.2023,7.5
2023-04-20,20.04.2023,7.5
2023-04-21,21.04.2023,7.5
2023-04-24,24.04.2023,7.5
2023-04-25,25.04.2023,7.5
2023-04-26,26.04.2023,7.5
2023-04-27,27.04.2023,7.5
2023-04-28,28.04.2023,7.5
2023-05-02,02.05.2023,7.5
2023-05-03,03.05.2023,7.5
2023-05-04,04.05.2023,7.5
2023-05-05,05.05.2023,7.5
2023-05-08,08.05.2023,7.5
2023-05-10,10.05.2023,7.5
2023-05-11,11.05.2023,7.5
2023-05-12,12.05.2023,7.5
2023-05-15,15.05.2023,7.5
2023-05-16,16.05.2023,7.5
2023-05-17,17.05.2023,7.5
2023-05-18,18.05.2023,7.5
2023-05-19,19.05.2023,7.5
2023-05-22,22.05.2023,7.5
2023-05-23,23.05.2023,7.5
2023-05-24,24.05.2023,7.5
2023-05-25,25.05.2023,7.5
2023-05-26,26.05.2023,7.5
2023-05-29,29.05.2023,7.5
2023-05-30,30.05.2023,7.5
2023-05-31,31.05.2023,7.5
2023-06-01,01.06.2023,7.5
2023-06-02,02.06.2023,7.5
2023-06-05,05.06.2023,7.5
2023-06-06,06.06.2023,7.5
2023-06-07,07.06.2023,7.5
2023-06-08,08.06.2023,7.5
2023-06-09,09.06.2023,7.5
2023-06-13,13.06.2023,7.5
2023-06-14,14.06.2023,7.5
2023-06-15,15.06.2023,7.5
2023-06-16,16.06.2023,7.5
2023-06-19,19.06.2023,7.5
2023-06-20,20.06.2023,7.5
2023-06-21,21.06.2023,7.5
2023-06-22,22.06.2023,7.5
2023-06-23,23.06.2023,7.5
2023-06-26,26.06.2023,7.5
2023-06-27,27.06.2023,7.5
2023-06-28,28.06.2023,7.5
2023-06-29,29.06.2023,7.5
2023-06-30,30.06.2023,7.5
2023-07-03,03.07.2023,7.5
2023-07-04,04.07.2023,7.5
2023-07-05,05.07.2023,7.5
2023-07-06,06.07.2023,7.5
2023-07-07,07.07.2023,7.5
2023-07-10,10.07.2023,7.5
2023-07-11,11.07.2023,7.5
2023-07-12,12.07.2023,7.5
2023-07-13,13.07.2023,7.5
2023-07-14,14.07.2023,7.5
2023-07-17,17.07.2023,7.5
2023-07-18,18.07.2023,7.5
2023-07-19,19.07.2023,7.5
2023-07-20,20.07.2023,7.5
2023-07-21,21.07.2023,7.5
2023-07-24,24.07.2023,8.5
2023-07-25,25.07.2023,8.5
2023-07-26,26.07.2023,8.5
2023-07-27,27.07.2023,8.5
2023-07-28,28.07.2023,8.5
2023-07-31,31.07.2023,8.5
2023-08-01,01.08.2023,8.5
2023-08-02,02.08.2023,8.5
2023-08-03,03.08.2023,8.5
2023-08-04,04.08.2023,8.5
2023-08-07,07.08.2023,8.5
2023-08-08,08.08.2023,8.5
2023-08-09,09.08.2023,8.5
2023-08-10,10.08.2023,8.5
2023-08-11,11.08.2023,8.5
2023-08-14,14.08.2023,8.5
2023-08-15,15.08.2023,12.0
2023-08-16,16.08.2023,12.0
2023-08-17,17.08.2023,12.0
2023-08-18,18.08.2023,12.0
2023-08-21,21.08.2023,12.0
2023-08-22,22.08.2023,12.0
2023-08-23,23.08.2023,12.0
2023-08-24,24.08.2023,12.0
2023-08-25,25.08.2023,12.0
2023-08-28,28.08.2023,12.0
2023-08-29,29.08.2023,12.0
2023-08-30,30.08.2023,12.0
2023-08-31,31.08.2023,12.0
2023-09-01,01.09.2023,12.0
2023-09-04,04.09.2023,12.0
2023-09-05,05.09.2023,12.0
2023-09-06,06.09.2023,12.0
2023-09-07,07.09.2023,12.0
2023-09-08,08.09.2023,12.0
2023-09-11,11.09.2023,12.0
2023-09-12,12.09.2023,12.0
2023-09-13,13.09.2023,12.0
2023-09-14,14.09.2023,12.0
2023-09-15,15.09.2023,12.0
2023-09-18,18.09.2023,13.0
2023-09-19,19.09.2023,13.0
2023-09-20,20.09.2023,13.0
2023-09-21,21.09.2023,13.0
2023-09-22,22.09.2023,13.0
2023-09-25,25.09.2023,13.0
2023-09-26,26.09.2023,13.0
2023-09-27,27.09.2023,13.0
2023-09-28,28.09.2023,13.0
2023-09-29,29.09.2023,13.0
2023-10-02,02.10.2023,13.0
2023-10-03,03.10.2023,13.0
2023-10-04,04.10.2023,13.0
2023-10-05,05.10.2023,13.0
2023-10-06,06.10.2023,13.0
2023-10-09,09.10.2023,13.0
2023-10-10,10.10.2023,13.0
2023-10-11,11.10.2023,13.0
2023-10-12,12.10.2023,13.0
2023-10-13,13.10.2023,13.0
2023-10-16,16.10.2023,13.0
2023-10-17,17.10.2023,13.0
2023-10-18,18.10.2023,13.0
2023-10-19,19.10.2023,13.0
2023-10-20,20.10.2023,13.0
2023-10-23,23.10.2023,13.0
2023-10-24,24.10.2023,13.0
2023-10-25,25.10.2023,13.0
2023-10-26,26.10.2023,13.0
2023-10-27,27.10.2023,13.0
2023-10-30,30.10.2023,15.0
2023-10-31,31.10.2023,15.0
2023-11-01,01.11.2023,15.0
2023-11-02,02.11.2023,15.0
2023-11-03,03.11.2023,15.0
2023-11-06,06.11.2023,15.0
2023-11-07,07.11.2023,15.0
2023-11-08,08.11.2023,15.0
2023-11-09,09.11.2023,15.0
2023-11-10,10.11.2023,15.0
2023-11-13,13.11.2023,15.0
2023-11-14,14.11.2023,15.0
2023-11-15,15.11.2023,15.0
2023-11-16,16.11.2023,15.0
2023-11-17,17.11.2023,15.0
2023-11-20,20.11.2023,15.0
2023-11-21,21.11.2023,15.0
2023-11-22,22.11.2023,15.0
2023-11-23,23.11.2023,15.0
2023-11-24,24.11.2023,15.0
2023-11-27,27.11.2023,15.0
2023-11-28,28.11.2023,15.0
2023-11-29,29.11.2023,15.0
2023-11-30,30.11.2023,15.0
2023-12-01,01.12.2023,15.0
2023-12-04,04.12.2023,15.0
2023-12-05,05.12.2023,15.0
2023-12-06,06.12.2023,15.0
2023-12-07,07.12.2023,15.0
2023-12-08,08.12.2023,15.0
2023-12-11,11.12.2023,15.0
2023-12-12,12.12.2023,15.0
2023-12-13,13.12.2023,15.0
2023-12-14,14.12.2023,15.0
2023-12-15,15.12.2023,15.0
2023-12-18,18.12.2023,16.0
2023-12-19,19.12.2023,16.0
2023-12-20,20.12.2023,16.0
2023-12-21,21.12.2023,16.0
2023-12-22,22.12.2023,16.0
2023-12-25,25.12.2023,16.0
2023-12-26,26.12.2023,16.0
2023-12-27,27.12.2023,16.0
2023-12-28,28.12.2023,16.0
2023-12-29,29.12.2023,16.0
2024-01-03,03.01.2024,16.0
2024-01-04,04.01.2024,16.0
2024-01-05,05.01.2024,16.0
2024-01-08,08.01.2024,16.0
2024-01-09,09.01.2024,16.0
2024-01-10,10.01.2024,16.0
2024-01-11,11.01.2024,16.0
2024-01-12,12.01.2024,16.0
2024-01-15,15.01.2024,16.0
2024-01-16,16.01.2024,16.0
2024-01-17,17.01.2024,16.0
2024-01-18,18.01.2024,16.0
2024-01-19,19.01.2024,16.0
2024-01-22,22.01.2024,16.0
2024-01-23,23.01.2024,16.0
2024-01-24,24.01.2024,16.0
2024-01-25,25.01.2024,16.0
2024-01-26,26.01.2024,16.0
2024-01-29,29.01.2024,16.0
2024-01-30,30.01.2024,16.0
2024-01-31,31.01.2024,16.0
2024-02-01,01.02.2024,16.0
2024-02-02,02.02.2024,16.0
2024-02-05,05.02.2024,16.0
2024-02-06,06.02.2024,16.0
2024-02-07,07.02.2024,16.0
2024-02-08,08.02.2024,16.0
2024-02-09,09.02.2024,16.0
2024-02-12,12.02.2024,16.0
2024-02-13,13.02.2024,16.0
2024-02-14,14.02.2024,16.0
2024-02-15,15.02.2024,16.0
2024-02-16,16.02.2024,16.0
2024-02-19,19.02.2024,16.0
2024-02-20,20.02.2024,16.0
2024-02-21,21.02.2024,16.0
2024-02-22,22.02.2024,16.0
2024-02-26,26.02.2024,16.0
2024-02-27,27.02.2024,16.0
2024-02-28,28.02.2024,16.0
2024-02-29,29.02.2024,16.0
2024-03-01,01.03.2024,16.0
2024-03-04,04.03.2024,16.0
2024-03-05,05.03.2024,16.0
2024-03-06,06.03.2024,16.0
2024-03-07,07.03.2024,16.0
2024-03-11,11.03.2024,16.0
2024-03-12,12.03.2024,16.0
2024-03-13,13.03.2024,16.0
2024-03-14,14.03.2024,16.0
2024-03-15,15.03.2024,16.0
2024-03-18,18.03.2024,16.0
2024-03-19,19.03.2024,16.0
2024-03-20,20.03.2024,16.0
2024-03-21,21.03.2024,16.0
2024-03-22,22.03.2024,16.0
2024-03-25,25.03.2024,16.0
2024-03-26,26.03.2024,16.0
2024-03-27,27.03.2024,16.0
2024-03-28,28.03.2024,16.0
2024-03-29,29.03.2024,16.0
2024-04-01,01.04.2024,16.0
2024-04-02,02.04.2024,16.0
2024-04-03,03.04.2024,16.0
2024-04-04,04.04.2024,16.0
2024-04-05,05.04.2024,16.0
2024-04-08,08.04.2024,16.0
2024-04-09,09.04.2024,16.0
2024-04-10,10.04.2024,16.0
2024-04-11,11.04.2024,16.0
2024-04-12,12.04.2024,16.0
2024-04-15,15.04.2024,16.0
2024-04-16,16.04.2024,16.0
2024-04-17,17.04.2024,16.0
2024-04-18,18.04.2024,16.0
2024-04-19,19.04.2024,16.0
2024-04-22,22.04.2024,16.0
2024-04-23,23.04.2024,16.0
2024-04-24,24.04.2024,16.0
2024-04-25,25.04.2024,16.0
2024-04-26,26.04.2024,16.0
2024-04-27,27.04.2024,16.0
2024-04-29,29.04.2024,16.0
2024-04-30,30.04.2024,16.0
2024-05-02,02.05.2024,16.0
2024-05-03,03.05.2024,16.0
2024-05-06,06.05.2024,16.0
2024-05-07,07.05.2024,16.0
2024-05-08,08.05.2024,16.0
2024-05-10,10.05.2024,16.0
2024-05-13,13.05.2024,16.0
2024-05-14,14.05.2024,16.0
2024-05-15,15.05.2024,16.0
2024-05-16,16.05.2024,16.0
2024-05-17,17.05.2024,16.0
2024-05-20,20.05.2024,16.0
2024-05-21,21.05.2024,16.0
2024-05-22,22.05.2024,16.0
2024-05-23,23.05.2024,16.0
2024-05-24,24.05.2024,16.0
2024-05-27,27.05.2024,16.0
2024-05-28,28.05.2024,16.0
2024-05-29,29.05.2024,16.0
2024-05-30,30.05.2024,16.0
2024-05-31,31.05.2024,16.0
2024-06-03,03.06.2024,16.0
2024-06-04,04.06.2024,16.0
2024-06-05,05.06.2024,16.0
2024-06-06,06.06.2024,16.0
2024-06-07,07.06.2024,16.0
2024-06-10,10.06.2024,16.0
2024-06-11,11.06.2024,16.0
2024-06-13,13.06.2024,16.0
2024-06-14,14.06.2024,16.0
2024-06-17,17.06.2024,16.0
2024-06-18,18.06.2024,16.0
2024-06-19,19.06.2024,16.0
2024-06-20,20.06.2024,16.0
2024-06-21,21.06.2024,16.0
2024-06-24,24.06.2024,16.0
2024-06-25,25.06.2024,16.0
2024-06-26,26.06.2024,16.0
2024-06-27,27.06.2024,16.0
2024-06-28,28.06.2024,16.0
2024-07-01,01.07.2024,16.0
2024-07-02,02.07.2024,16.0
2024-07-03,03.07.2024,16.0
2024-07-04,04.07.2024,16.0
2024-07-05,05.07.2024,16.0
2024-07-08,08.07.2024,16.0
2024-07-09,09.07.2024,16.0
2024-07-10,10.07.2024,16.0
2024-07-11,11.07.2024,16.0
2024-07-12,12.07.2024,16.0
2024-07-15,15.07.2024,16.0
2024-07-16,16.07.2024,16.0
2024-07-17,17.07.2024,16.0
2024-07-18,18.07.2024,16.0
2024-07-19,19.07.2024,16.0
2024-07-22,22.07.2024,16.0
2024-07-23,23.07.2024,16.0
2024-07-24,24.07.2024,16.0
2024-07-25,25.07.2024,16.0
2024-07-26,26.07.2024,16.0
2024-07-29,29.07.2024,18.0
2024-07-30,30.07.2024,18.0
2024-07-31,31.07.2024,18.0
2024-08-01,01.08.2024,18.0
2024-08-02,02.08.2024,18.0
2024-08-05,05.08.2024,18.0
2024-08-06,06.08.2024,18.0
2024-08-07,07.08.2024,18.0
2024-08-08,08.08.2024,18.0
2024-08-09,09.08.2024,18.0
2024-08-12,12.08.2024,18.0
2024-08-13,13.08.2024,18.0
2024-08-14,14.08.2024,18.0
2024-08-15,15.08.2024,18.0
2024-08-16,16.08.2024,18.0
2024-08-19,19.08.2024,18.0
2024-08-20,20.08.2024,18.0
2024-08-21,21.08.2024,18.0
2024-08-22,22.08.2024,18.0
2024-08-23,23.08.2024,18.0
2024-08-26,26.08.2024,18.0
2024-08-27,27.08.2024,18.0
2024-08-28,28.08.2024,18.0
2024-08-29,29.08.2024,18.0
2024-08-30,30.08.2024,18.0
2024-09-02,02.09.2024,18.0
2024-09-03,03.09.2024,18.0
2024-09-04,04.09.2024,18.0
2024-09-05,05.09.2024,18.0
2024-09-06,06.09.2024,18.0
2024-09-09,09.09.2024,18.0
2024-09-10,10.09.2024,18.0
2024-09-11,11.09.2024,18.0
2024-09-12,12.09.2024,18.0
2024-09-13,13.09.2024,18.0
2024-09-16,16.09.2024,19.0
2024-09-17,17.09.2024,19.0
2024-09-18,18.09.2024,19.0
2024-09-19,19.09.2024,19.0
2024-09-20,20.09.2024,19.0
2024-09-23,23.09.2024,19.0
2024-09-24,24.09.2024,19.0
2024-09-25,25.09.2024,19.0
2024-09-26,26.09.2024,19.0
2024-09-27,27.09.2024,19.0
2024-09-30,30.09.2024,19.0
2024-10-01,01.10.2024,19.0
2024-10-02,02.10.2024,19.0
2024-10-03,03.10.2024,19.0
2024-10-04,04.10.2024,19.0
2024-10-07,07.10.2024,19.0
2024-10-08,08.10.2024,19.0
2024-10-09,09.10.2024,19.0
2024-10-10,10.10.2024,19.0
2024-10-11,11.10.2024,19.0
2024-10-14,14.10.2024,19.0
2024-10-15,15.10.2024,19.0
2024-10-16,16.10.2024,19.0
2024-10-17,17.10.2024,19.0
2024-10-18,18.10.2024,19.0
2024-10-21,21.10.2024,19.0
2024-10-22,22.10.2024,19.0
2024-10-23,23.10.2024,19.0
2024-10-24,24.10.2024,19.0
2024-10-25,25.10.2024,19.0
2024-10-28,28.10.2024,21.0
2024-10-29,29.10.2024,21.0
2024-10-30,30.10.2024,21.0
2024-10-31,31.10.2024,21.0
2024-11-01,01.11.2024,21.0
2024-11-02,02.11.2024,21.0
2024-11-05,05.11.2024,21.0
2024-11-06,06.11.2024,21.0
2024-11-07,07.11.2024,21.0
2024-11-08,08.11.2024,21.0
2024-11-11,11.11.2024,21.0
2024-11-12,12.11.2024,21.0
2024-11-13,13.11.2024,21.0
2024-11-14,14.11.2024,21.0
2024-11-15,15.11.2024,21.0
2024-11-18,18.11.2024,21.0
2024-11-19,19.11.2024,21.0
2024-11-20,20.11.2024,21.0
2024-11-21,21.11.2024,21.0
2024-11-22,22.11.2024,21.0
2024-11-25,25.11.2024,21.0
2024-11-26,26.11.2024,21.0
2024-11-27,27.11.2024,21.0
2024-11-28,28.11.2024,21.0
2024-11-29,29.11.2024,21.0
2024-12-02,02.12.2024,21.0
2024-12-03,03.12.2024,21.0
2024-12-04,04.12.2024,21.0
2024-12-05,05.12.2024,21.0
2024-12-06,06.12.2024,21.0
2024-12-09,09.12.2024,21.0
2024-12-10,10.12.2024,21.0
2024-12-11,11.12.2024,21.0
2024-12-12,12.12.2024,21.0
2024-12-13,13.12.2024,21.0
2024-12-16,16.12.2024,21.0
2024-12-17,17.12.2024,21.0
2024-12-18,18.12.2024,21.0
2024-12-19,19.12.2024,21.0
2024-12-20,20.12.2024,21.0
2024-12-23,23.12.2024,21.0
2024-12-24,24.12.2024,21.0
2024-12-25,25.12.2024,21.0
2024-12-26,26.12.2024,21.0
2024-12-27,27.12.2024,21.0
2024-12-28,28.12.2024,21.0
2024-12-30,30.12.2024,21.0
2025-01-03,03.01.2025,21.0
2025-01-06,06.01.2025,21.0
2025-01-08,08.01.2025,21.0
2025-01-09,09.01.2025,21.0
2025-01-10,10.01.2025,21.0
2025-01-13,13.01.2025,21.0
2025-01-14,14.01.2025,21.0
2025-01-15,15.01.2025,21.0
2025-01-16,16.01.2025,21.0
2025-01-17,17.01.2025,21.0
2025-01-20,20.01.2025,21.0
2025-01-21,21.01.2025,21.0
2025-01-22,22.01.2025,21.0
2025-01-23,23.01.2025,21.0
2025-01-24,24.01.2025,21.0
2025-01-27,27.01.2025,21.0
2025-01-28,28.01.2025,21.0
2025-01-29,29.01.2025,21.0
2025-01-30,30.01.2025,21.0
2025-01-31,31.01.2025,21.0
2025-02-03,03.02.2025,21.0
2025-02-04,04.02.2025,21.0
2025-02-05,05.02.2025,21.0
2025-02-06,06.02.2025,21.0
2025-02-07,07.02.2025,21.0
2025-02-10,10.02.2025,21.0
2025-02-11,11.02.2025,21.0
2025-02-12,12.02.2025,21.0
2025-02-13,13.02.2025,21.0
2025-02-14,14.02.2025,21.0
2025-02-17,17.02.2025,21.0
2025-02-18,18.02.2025,21.0
2025-02-19,19.02.2025,21.0
2025-02-20,20.02.2025,21.0
2025-02-21,21.02.2025,21.0
2025-02-24,24.02.2025,21.0
2025-02-25,25.02.2025,21.0
2025-02-26,26.02.2025,21.0
2025-02-27,27.02.2025,21.0
2025-02-28,28.02.2025,21.0
2025-03-03,03.03.2025,21.0
2025-03-04,04.03.2025,21.0
2025-03-05,05.03.2025,21.0
2025-03-06,06.03.2025,21.0
2025-03-07,07.03.2025,21.0
2025-03-10,10.03.2025,21.0
2025-03-11,11.03.2025,21.0
2025-03-12,12.03.2025,21.0
2025-03-13,13.03.2025,21.0
2025-03-14,14.03.2025,21.0
2025-03-17,17.03.2025,21.0
2025-03-18,18.03.2025,21.0
2025-03-19,19.03.2025,21.0
2025-03-20,20.03.2025,21.0
2025-03-21,21.03.2025,21.0
2025-03-24,24.03.2025,21.0
2025-03-25,25.03.2025,21.0
2025-03-26,26.03.2025,21.0
2025-03-27,27.03.2025,21.0
2025-03-28,28.03.2025,21.0
2025-03-31,31.03.2025,21.0
2025-04-01,01.04.2025,21.0
2025-04-02,02.04.2025,21.0
2025-04-03,03.04.2025,21.0
2025-04-04,04.04.2025,21.0
2025-04-07,07.04.2025,21.0
2025-04-08,08.04.2025,21.0
2025-04-09,09.04.2025,21.0
2025-04-10,10.04.2025,21.0
2025-04-11,11.04.2025,21.0
2025-04-14,14.04.2025,21.0
2025-04-15,15.04.2025,21.0
2025-04-16,16.04.2025,21.0
2025-04-17,17.04.2025,21.0
2025-04-18,18.04.2025,21.0
2025-04-21,21.04.2025,21.0
2025-04-22,22.04.2025,21.0
2025-04-23,23.04.2025,21.0
2025-04-24,24.04.2025,21.0
2025-04-25,25.04.2025,21.0
2025-04-28,28.04.2025,21.0
2025-04-29,29.04.2025,21.0
2025-04-30,30.04.2025,21.0
2025-05-02,02.05.2025,21.0
2025-05-05,05.05.2025,21.0
2025-05-06,06.05.2025,21.0
2025-05-07,07.05.2025,21.0
2025-05-08,08.05.2025,21.0
2025-05-12,12.05.2025,21.0
2025-05-13,13.05.2025,21.0
2025-05-14,14.05.2025,21.0
2025-05-15,15.05.2025,21.0
2025-05-16,16.05.2025,21.0
2025-05-19,19.05.2025,21.0
2025-05-20,20.05.2025,21.0
2025-05-21,21.05.2025,21.0
2025-05-22,22.05.2025,21.0
2025-05-23,23.05.2025,21.0
2025-05-26,26.05.2025,21.0
2025-05-27,27.05.2025,21.0
2025-05-28,28.05.2025,21.0
2025-05-29,29.05.2025,21.0
2025-05-30,30.05.2025,21.0
2025-06-02,02.06.2025,21.0
2025-06-03,03.06.2025,21.0
2025-06-04,04.06.2025,21.0
2025-06-05,05.06.2025,21.0
2025-06-06,06.06.2025,21.0
2025-06-09,09.06.2025,20.0
2025-06-10,10.06.2025,20.0
2025-06-11,11.06.2025,20.0
2025-06-13,13.06.2025,20.0
2025-06-16,16.06.2025,20.0
2025-06-17,17.06.2025,20.0
2025-06-18,18.06.2025,20.0
2025-06-19,19.06.2025,20.0
2025-06-20,20.06.2025,20.0
2025-06-23,23.06.2025,20.0
2025-06-24,24.06.2025,20.0
2025-06-25,25.06.2025,20.0
2025-06-26,26.06.2025,20.0
2025-06-27,27.06.2025,20.0
2025-06-30,30.06.2025,20.0
2025-07-01,01.07.2025,20.0
2025-07-02,02.07.2025,20.0
2025-07-03,03.07.2025,20.0
2025-07-04,04.07.2025,20.0
2025-07-07,07.07.2025,20.0
2025-07-08,08.07.2025,20.0
2025-07-09,09.07.2025,20.0
2025-07-10,10.07.2025,20.0
2025-07-11,11.07.2025,20.0
2025-07-14,14.07.2025,20.0
2025-07-15,15.07.2025,20.0
2025-07-16,16.07.2025,20.0
2025-07-17,17.07.2025,20.0
2025-07-18,18.07.2025,20.0
2025-07-21,21.07.2025,20.0
2025-07-22,22.07.2025,20.0
2025-07-23,23.07.2025,20.0
2025-07-24,24.07.2025,20.0
2025-07-25,25.07.2025,20.0
2025-07-28,28.07.2025,18.0
2025-07-29,29.07.2025,18.0
2025-07-30,30.07.2025,18.0
2025-07-31,31.07.2025,18.0
2025-08-01,01.08.2025,18.0
2025-08-04,04.08.2025,18.0
2025-08-05,05.08.2025,18.0
2025-08-06,06.08.2025,18.0
2025-08-07,07.08.2025,18.0
2025-08-08,08.08.2025,18.0
2025-08-11,11.08.2025,18.0
2025-08-12,12.08.2025,18.0
2025-08-13,13.08.2025,18.0
2025-08-14,14.08.2025,18.0
2025-08-15,15.08.2025,18.0
2025-08-18,18.08.2025,18.0
2025-08-19,19.08.2025,18.0
2025-08-20,20.08.2025,18.0
2025-08-21,21.08.2025,18.0
2025-08-22,22.08.2025,18.0
2025-08-25,25.08.2025,18.0
2025-08-26,26.08.2025,18.0
2025-08-27,27.08.2025,18.0
2025-08-28,28.08.2025,18.0
2025-08-29,29.08.2025,18.0
2025-09-01,01.09.2025,18.0
2025-09-02,02.09.2025,18.0
2025-09-03,03.09.2025,18.0
2025-09-04,04.09.2025,18.0
2025-09-05,05.09.2025,18.0
2025-09-08,08.09.2025,18.0
2025-09-09,09.09.2025,18.0
2025-09-10,10.09.2025,18.0
2025-09-11,11.09.2025,18.0
2025-09-12,12.09.2025,18.0
2025-09-15,15.09.2025,17.0
2025-09-16,16.09.2025,17.0
2025-09-17,17.09.2025,17.0
2025-09-18,18.09.2025,17.0
2025-09-19,19.09.2025,17.0
2025-09-22,22.09.2025,17.0
2025-09-23,23.09.2025,17.0
2025-09-24,24.09.2025,17.0
2025-09-25,25.09.2025,17.0
2025-09-26,26.09.2025,17.0
2025-09-29,29.09.2025,17.0
2025-09-30,30.09.2025,17.0
2025-10-01,01.10.2025,17.0
2025-10-02,02.10.2025,17.0
2025-10-03,03.10.2025,17.0
2025-10-06,06.10.2025,17.0
2025-10-07,07.10.2025,17.0
2025-10-08,08.10.2025,17.0
2025-10-09,09.10.2025,17.0
2025-10-10,10.10.2025,17.0
2025-10-13,13.10.2025,17.0
2025-10-14,14.10.2025,17.0
2025-10-15,15.10.2025,17.0
2025-10-16,16.10.2025,17.0
2025-10-17,17.10.2025,17.0
2025-10-20,20.10.2025,17.0
2025-10-21,21.10.2025,17.0
2025-10-22,22.10.2025,17.0
2025-10-23,23.10.2025,17.0
2025-10-24,24.10.2025,17.0
2025-10-27,27.10.2025,16.5
2025-10-28,28.10.2025,16.5
2025-10-29,29.10.2025,16.5
2025-10-30,30.10.2025,16.5
2025-10-31,31.10.2025,16.5
2025-11-01,01.11.2025,16.5
2025-11-03,03.11.2025,16.5
2025-11-05,05.11.2025,16.5
2025-11-06,06.11.2025,16.5
2025-11-07,07.11.2025,16.5
2025-11-10,10.11.2025,16.5
2025-11-11,11.11.2025,16.5
2025-11-12,12.11.2025,16.5
2025-11-13,13.11.2025,16.5
2025-11-14,14.11.2025,16.5
2025-11-17,17.11.2025,16.5
2025-11-18,18.11.2025,16.5
2025-11-19,19.11.2025,16.5
2025-11-20,20.11.2025,16.5
2025-11-21,21.11.2025,16.5
2025-11-24,24.11.2025,16.5
2025-11-25,25.11.2025,16.5
2025-11-26,26.11.2025,16.5
2025-11-27,27.11.2025,16.5
2025-11-28,28.11.2025,16.5
2025-12-01,01.12.2025,16.5
2025-12-02,02.12.2025,16.5
2025-12-03,03.12.2025,16.5
2025-12-04,04.12.2025,16.5
2025-12-05,05.12.2025,16.5
2025-12-08,08.12.2025,16.5
2025-12-09,09.12.2025,16.5
2025-12-10,10.12.2025,16.5
2025-12-11,11.12.2025,16.5
2025-12-12,12.12.2025,16.5
2025-12-15,15.12.2025,16.5
2025-12-16,16.12.2025,16.5
2025-12-17,17.12.2025,16.5
2025-12-18,18.12.2025,16.5
2025-12-19,19.12.2025,16.5
2025-12-22,22.12.2025,16.0
2025-12-23,23.12.2025,16.0
2025-12-24,24.12.2025,16.0
2025-12-25,25.12.2025,16.0
2025-12-26,26.12.2025,16.0
2025-12-29,29.12.2025,16.0
2025-12-30,30.12.2025,16.0
2026-01-05,05.01.2026,16.0
2026-01-06,06.01.2026,16.0
2026-01-08,08.01.2026,16.0
2026-01-09,09.01.2026,16.0
2026-01-12,12.01.2026,16.0
2026-01-13,13.01.2026,16.0
2026-01-14,14.01.2026,16.0
2026-01-15,15.01.2026,16.0
2026-01-16,16.01.2026,16.0
2026-01-19,19.01.2026,16.0
2026-01-20,20.01.2026,16.0
2026-01-21,21.01.2026,16.0
2026-01-22,22.01.2026,16.0
2026-01-23,23.01.2026,16.0
2026-01-26,26.01.2026,16.0
2026-01-27,27.01.2026,16.0
2026-01-28,28.01.2026,16.0
2026-01-29,29.01.2026,16.0
2026-01-30,30.01.2026,16.0
2026-02-02,02.02.2026,16.0
2026-02-03,03.02.2026,16.0
2026-02-04,04.02.2026,16.0
2026-02-05,05.02.2026,16.0
2026-02-06,06.02.2026,16.0
2026-02-09,09.02.2026,16.0
2026-02-10,10.02.2026,16.0
2026-02-11,11.02.2026,16.0
2026-02-12,12.02.2026,16.0
2026-02-13,13.02.2026,16.0
2026-02-16,16.02.2026,15.5
2026-02-17,17.02.2026,15.5
2026-02-18,18.02.2026,15.5
2026-02-19,19.02.2026,15.5
2026-02-20,20.02.2026,15.5
2026-02-24,24.02.2026,15.5
2026-02-25,25.02.2026,15.5
2026-02-26,26.02.2026,15.5
2026-02-27,27.02.2026,15.5
2026-03-02,02.03.2026,15.5
2026-03-03,03.03.2026,15.5
2026-03-04,04.03.2026,15.5
2026-03-05,05.03.2026,15.5
2026-03-06,06.03.2026,15.5
2026-03-09,09.03.2026,15.5
2026-03-10,10.03.2026,15.5
2026-03-11,11.03.2026,15.5
2026-03-12,12.03.2026,15.5
2026-03-13,13.03.2026,15.5
2026-03-16,16.03.2026,15.5
2026-03-17,17.03.2026,15.5
2026-03-18,18.03.2026,15.5
2026-03-19,19.03.2026,15.5
2026-03-20,20.03.2026,15.5
2026-03-23,23.03.2026,15.0
2026-03-24,24.03.2026,15.0
2026-03-25,25.03.2026,15.0
2026-03-26,26.03.2026,15.0
2026-03-27,27.03.2026,15.0
2026-03-30,30.03.2026,15.0
2026-03-31,31.03.2026,15.0
2026-04-01,01.04.2026,15.0
2026-04-02,02.04.2026,15.0
2026-04-03,03.04.2026,15.0
2026-04-06,06.04.2026,15.0
2026-04-07,07.04.2026,15.0
2026-04-08,08.04.2026,15.0
2026-04-09,09.04.2026,15.0
2026-04-10,10.04.2026,15.0
2026-04-13,13.04.2026,15.0
2026-04-14,14.04.2026,15.0
2026-04-15,15.04.2026,15.0
2026-04-16,16.04.2026,15.0
2026-04-17,17.04.2026,15.0
2026-04-20,20.04.2026,15.0
2026-04-21,21.04.2026,15.0
2026-04-22,22.04.2026,15.0
2026-04-23,23.04.2026,15.0
2026-04-24,24.04.2026,15.0
2026-04-27,27.04.2026,14.5
2026-04-28,28.04.2026,14.5
2026-04-29,29.04.2026,14.5
2026-04-30,30.04.2026,14.5
2026-05-04,04.05.2026,14.5
2026-05-05,05.05.2026,14.5
2026-05-06,06.05.2026,14.5
2026-05-07,07.05.2026,14.5
2026-05-08,08.05.2026,14.5
2026-05-11,11.05.2026,14.5
2026-05-12,12.05.2026,14.5
2026-05-13,13.05.2026,14.5
2026-05-14,14.05.2026,14.5
2026-05-15,15.05.2026,14.5
2026-05-18,18.05.2026,14.5
2026-05-19,19.05.2026,14.5
2026-05-20,20.05.2026,14.5
2026-05-21,21.05.2026,14.5
2026-05-22,22.05.2026,14.5
2026-05-25,25.05.2026,14.5
2026-05-26,26.05.2026,14.5
2026-05-27,27.05.2026,14.5
2026-05-28,28.05.2026,14.5
2026-05-29,29.05.2026,14.5
2026-06-01,01.06.2026,14.5
2026-06-02,02.06.2026,14.5
2026-06-03,03.06.2026,14.5
2026-06-04,04.06.2026,14.5
2026-06-05,05.06.2026,14.5
2026-06-08,08.06.2026,14.5
2026-06-09,09.06.2026,14.5
2026-06-10,10.06.2026,14.5
2026-06-11,11.06.2026,14.5
2026-06-15,15.06.2026,14.5
2026-06-16,16.06.2026,14.5
2026-06-17,17.06.2026,14.5
2026-06-18,18.06.2026,14.5
2026-06-19,19.06.2026,14.5
2026-06-22,22.06.2026,14.25
2026-06-23,23.06.2026,14.25
2026-06-24,24.06.2026,14.25
2026-06-25,25.06.2026,14.25
2026-06-26,26.06.2026,14.25
2026-06-29,29.06.2026,14.25
2026-06-30,30.06.2026,14.25
2026-07-01,01.07.2026,14.25
2026-07-02,02.07.2026,14.25
2026-07-03,03.07.2026,14.25
2026-07-06,06.07.2026,14.25
2026-07-07,07.07.2026,14.25
2026-07-08,08.07.2026,14.25
2026-07-09,09.07.2026,14.25
2026-07-10,10.07.2026,14.25
2026-07-13,13.07.2026,14.25
2026-07-14,14.07.2026,14.25
2026-07-15,15.07.2026,14.25
2026-07-16,16.07.2026,14.25
2026-07-17,17.07.2026,14.25
2026-07-20,20.07.2026,14.25
2026-07-21,21.07.2026,14.25
2026-07-22,22.07.2026,14.25
2026-07-23,23.07.2026,14.25
2026-07-24,24.07.2026,14.25
2026-07-27,27.07.2026,14.0
2026-07-28,28.07.2026,14.0
2026-07-29,29.07.2026,14.0
2026-07-30,30.07.2026,14.0
2026-07-31,31.07.2026,14.0
2026-08-03,03.08.2026,14.0
2026-08-04,04.08.2026,14.0
2026-08-05,05.08.2026,14.0
2026-08-06,06.08.2026,14.0
2026-08-07,07.08.2026,14.0
2026-08-10,10.08.2026,14.0
2026-08-11,11.08.2026,14.0
2026-08-12,12.08.2026,14.0
2026-08-13,13.08.2026,14.0
2026-08-14,14.08.2026,14.0
2026-08-17,17.08.2026,14.0
2026-08-18,18.08.2026,14.0
2026-08-19,19.08.2026,14.0
2026-08-20,20.08.2026,14.0
2026-08-21,21.08.2026,14.0
2026-08-24,24.08.2026,14.0
2026-08-25,25.08.2026,14.0
2026-08-26,26.08.2026,14.0
2026-08-27,27.08.2026,14.0
2026-08-28,28.08.2026,14.0
2026-08-31,31.08.2026,14.0
2026-09-01,01.09.2026,14.0
2026-09-02,02.09.2026,14.0
2026-09-03,03.09.2026,14.0
2026-09-04,04.09.2026,14.0
2026-09-07,07.09.2026,14.0
2026-09-08,08.09.2026,14.0
